[
    {
        "test_keys": [
            "video_10",
            "video_20",
            "video_23",
            "video_29",
            "video_3",
            "video_32",
            "video_33",
            "video_35",
            "video_37",
            "video_41"
        ],
        "train_keys": [
            "video_1",
            "video_11",
            "video_12",
            "video_13",
            "video_14",
            "video_15",
            "video_16",
            "video_17",
            "video_18",
            "video_19",
            "video_2",
            "video_21",
            "video_22",
            "video_24",
            "video_25",
            "video_26",
            "video_27",
            "video_28",
            "video_30",
            "video_31",
            "video_34",
            "video_36",
            "video_38",
            "video_39",
            "video_4",
            "video_40",
            "video_42",
            "video_43",
            "video_44",
            "video_45",
            "video_46",
            "video_47",
            "video_48",
            "video_49",
            "video_5",
            "video_50",
            "video_6",
            "video_7",
            "video_8",
            "video_9"
        ]
    },
    {
        "test_keys": [
            "video_14",
            "video_29",
            "video_35",
            "video_36",
            "video_38",
            "video_41",
            "video_45",
            "video_46",
            "video_5",
            "video_6"
        ],
        "train_keys": [
            "video_1",
            "video_10",
            "video_11",
            "video_12",
            "video_13",
            "video_15",
            "video_16",
            "video_17",
            "video_18",
            "video_19",
            "video_2",
            "video_20",
            "video_21",
            "video_22",
            "video_23",
            "video_24",
            "video_25",
            "video_26",
            "video_27",
            "video_28",
            "video_3",
            "video_30",
            "video_31",
            "video_32",
            "video_33",
            "video_34",
            "video_37",
            "video_39",
            "video_4",
            "video_40",
            "video_42",
            "video_43",
            "video_44",
            "video_47",
            "video_48",
            "video_49",
            "video_50",
            "video_7",
            "video_8",
            "video_9"
        ]
    },
    {
        "test_keys": [
            "video_11",
            "video_12",
            "video_13",
            "video_14",
            "video_19",
            "video_20",
            "video_25",
            "video_27",
            "video_35",
            "video_48"
        ],
        "train_keys": [
            "video_1",
            "video_10",
            "video_15",
            "video_16",
            "video_17",
            "video_18",
            "video_2",
            "video_21",
            "video_22",
            "video_23",
            "video_24",
            "video_26",
            "video_28",
            "video_29",
            "video_3",
            "video_30",
            "video_31",
            "video_32",
            "video_33",
            "video_34",
            "video_36",
            "video_37",
            "video_38",
            "video_39",
            "video_4",
            "video_40",
            "video_41",
            "video_42",
            "video_43",
            "video_44",
            "video_45",
            "video_46",
            "video_47",
            "video_49",
            "video_5",
            "video_50",
            "video_6",
            "video_7",
            "video_8",
            "video_9"
        ]
    },
    {
        "test_keys": [
            "video_25",
            "video_31",
            "video_33",
            "video_35",
            "video_39",
            "video_4",
            "video_45",
            "video_49",
            "video_5",
            "video_7"
        ],
        "train_keys": [
            "video_1",
            "video_10",
            "video_11",
            "video_12",
            "video_13",
            "video_14",
            "video_15",
            "video_16",
            "video_17",
            "video_18",
            "video_19",
            "video_2",
            "video_20",
            "video_21",
            "video_22",
            "video_23",
            "video_24",
            "video_26",
            "video_27",
            "video_28",
            "video_29",
            "video_3",
            "video_30",
            "video_32",
            "video_34",
            "video_36",
            "video_37",
            "video_38",
            "video_40",
            "video_41",
            "video_42",
            "video_43",
            "video_44",
            "video_46",
            "video_47",
            "video_48",
            "video_50",
            "video_6",
            "video_8",
            "video_9"
        ]
    },
    {
        "test_keys": [
            "video_10",
            "video_14",
            "video_17",
            "video_2",
            "video_29",
            "video_31",
            "video_38",
            "video_48",
            "video_49",
            "video_5"
        ],
        "train_keys": [
            "video_1",
            "video_11",
            "video_12",
            "video_13",
            "video_15",
            "video_16",
            "video_18",
            "video_19",
            "video_20",
            "video_21",
            "video_22",
            "video_23",
            "video_24",
            "video_25",
            "video_26",
            "video_27",
            "video_28",
            "video_3",
            "video_30",
            "video_32",
            "video_33",
            "video_34",
            "video_35",
            "video_36",
            "video_37",
            "video_39",
            "video_4",
            "video_40",
            "video_41",
            "video_42",
            "video_43",
            "video_44",
            "video_45",
            "video_46",
            "video_47",
            "video_50",
            "video_6",
            "video_7",
            "video_8",
            "video_9"
        ]
    }
]